<?xml version="1.0" encoding="utf-8" ?>
<dwsync>
<file name="blogger_32.png" server="ftp.rwasn.com/domains/incogniteau.com.ar/html/" local="129431568903443619" remote="129431574890000000" />
<file name="facebook_32.png" server="ftp.rwasn.com/domains/incogniteau.com.ar/html/" local="129431568838019877" remote="129431574900000000" />
<file name="foursquare_32.png" server="ftp.rwasn.com/domains/incogniteau.com.ar/html/" local="129431568804937985" remote="129431574910000000" />
<file name="gowalla_32.png" server="ftp.rwasn.com/domains/incogniteau.com.ar/html/" local="129431568751274916" remote="129431574920000000" />
<file name="posterous_32.png" server="ftp.rwasn.com/domains/incogniteau.com.ar/html/" local="129431569052952171" remote="129431574930000000" />
<file name="rss_32.png" server="ftp.rwasn.com/domains/incogniteau.com.ar/html/" local="129431568876422074" remote="129431574930000000" />
<file name="tumblr_32.png" server="ftp.rwasn.com/domains/incogniteau.com.ar/html/" local="129431568942235838" remote="129431574940000000" />
<file name="twitter_32.png" server="ftp.rwasn.com/domains/incogniteau.com.ar/html/" local="129431569006779530" remote="129431574950000000" />
<file name="twitter_search_32.png" server="ftp.rwasn.com/domains/incogniteau.com.ar/html/" local="129431569104185101" remote="129431574960000000" />
<file name="wordpress_32.png" server="ftp.rwasn.com/domains/incogniteau.com.ar/html/" local="129431568977327845" remote="129431574970000000" />
<file name="twitter_signin.png" server="ftp.rwasn.com/domains/incogniteau.com.ar/html/" local="129486202622713388" remote="129487013000000000" />
<file name="facebook_signin.png" server="ftp.rwasn.com/domains/incogniteau.com.ar/html/" local="129486216320406852" remote="129487013020000000" />
<file name="google_signin.png" server="ftp.rwasn.com/domains/incogniteau.com.ar/html/" local="129486216845486884" remote="129487013030000000" />
<file name="linkedin_signin.png" server="ftp.rwasn.com/domains/incogniteau.com.ar/html/" local="129486216209020481" remote="129487013040000000" />
</dwsync>